{"accuracy": 0.7811666666666667, "auc": 0.6624934128541113, "f1": "0.88"}